{"name":"d8608961-219e-4bd1-87e3-2ef3cfa32e98","id":"/providers/Microsoft.Flow/flows/d8608961-219e-4bd1-87e3-2ef3cfa32e98","type":"Microsoft.Flow/flows","properties":{"apiId":"/providers/Microsoft.PowerApps/apis/shared_logicflows","displayName":"ProcessInvoice","definition":{"metadata":{"workflowEntityId":null,"processAdvisorMetadata":null,"flowChargedByPaygo":null,"flowclientsuspensionreason":"None","flowclientsuspensiontime":null,"flowclientsuspensionreasondetails":null,"creator":{"id":"747412e1-3023-4681-b584-67f76066817a","type":"User","tenantId":"073f3225-d375-45e9-8cf9-24526caed119"},"provisioningMethod":"FromDefinition","failureAlertSubscription":true,"clientLastModifiedTime":"2025-10-10T10:53:02.082008Z","connectionKeySavedTimeKey":"2025-10-10T10:53:02.082008Z","creationSource":"Portal","modifiedSources":"Portal"},"$schema":"https://schema.management.azure.com/providers/Microsoft.Logic/schemas/2016-06-01/workflowdefinition.json#","contentVersion":"1.0.0.0","parameters":{"$authentication":{"defaultValue":{},"type":"SecureObject"},"$connections":{"defaultValue":{},"type":"Object"}},"triggers":{"When_a_file_is_created_(properties_only)":{"recurrence":{"frequency":"Minute","interval":1},"splitOn":"@triggerOutputs()?['body/value']","metadata":{"operationMetadataId":"533dcfe1-b0fe-4266-aea6-f3776107cea3"},"type":"OpenApiConnection","inputs":{"parameters":{"dataset":"https://1nk13d.sharepoint.com/sites/ARUPPlayground","table":"e1ff39c5-33e8-4c79-b161-e7968431087c"},"host":{"apiId":"/providers/Microsoft.PowerApps/apis/shared_sharepointonline","connectionName":"shared_sharepointonline","operationId":"GetOnNewFileItems"},"authentication":"@parameters('$authentication')"}}},"actions":{"Get_file_content":{"runAfter":{},"metadata":{"%252fShared%2bDocuments%252fContoso%2b1.pdf":"/Shared Documents/Contoso 1.pdf","operationMetadataId":"b2fca973-493a-4e0c-91d9-66eb958b8c59"},"type":"OpenApiConnection","inputs":{"parameters":{"dataset":"https://1nk13d.sharepoint.com/sites/ARUPPlayground","id":"@triggerBody()?['{Identifier}']","inferContentType":true},"host":{"apiId":"/providers/Microsoft.PowerApps/apis/shared_sharepointonline","connectionName":"shared_sharepointonline","operationId":"GetFileContent"},"authentication":"@parameters('$authentication')"}},"Process_invoices":{"runAfter":{"Get_file_content":["Succeeded"]},"metadata":{"flowSystemMetadata":{"portalOperationId":"aibuilderpredict_invoiceprocessingpretrained","portalOperationGroup":"aibuilder","portalOperationApiDisplayNameOverride":"AI Builder","portalOperationIconOverride":"https://content.powerapps.com/resource/makerx/static/pauto/images/designeroperations/aiBuilderNew.51dbdb6b.png","portalOperationBrandColorOverride":"#0A76C4","portalOperationApiTierOverride":"Standard"},"operationMetadataId":"ff930300-55e1-4630-b11c-b1899041cc6e"},"type":"OpenApiConnection","inputs":{"parameters":{"item/requestv2/base64Encoded":"@body('Get_file_content')","recordId":"5ed4d0fd-e9d4-4026-b09b-71f83ea90c60"},"host":{"apiId":"/providers/Microsoft.PowerApps/apis/shared_commondataserviceforapps","connectionName":"shared_commondataserviceforapps","operationId":"aibuilderpredict_invoiceprocessingpretrained"},"authentication":"@parameters('$authentication')"}},"Init_Vendor":{"runAfter":{"Process_invoices":["Succeeded"]},"metadata":{"operationMetadataId":"2290d247-c809-4197-a94b-1323654b1bb4"},"type":"InitializeVariable","inputs":{"variables":[{"name":"Vendor","type":"string","value":"@outputs('Process_invoices')?['body/responsev2/predictionOutput/result/fields/vendorName/valueText']"}]}},"For_each":{"foreach":"@outputs('Process_invoices')?['body/responsev2/predictionOutput/result/items']","actions":{"Run_Product_Prompt":{"runAfter":{"Set_LineItem":["Succeeded"]},"metadata":{"flowSystemMetadata":{"portalOperationId":"aibuilderpredict_customprompt","portalOperationGroup":"aibuilder","portalOperationApiDisplayNameOverride":"AI Builder","portalOperationIconOverride":"https://content.powerapps.com/resource/makerx/static/pauto/images/designeroperations/aiBuilderNew.51dbdb6b.png","portalOperationBrandColorOverride":"#0A76C4","portalOperationApiTierOverride":"Standard"},"operationMetadataId":"29d91cd3-cabb-4725-a518-3a96fe3bb85a"},"type":"OpenApiConnection","inputs":{"parameters":{"recordId":"ee23f95b-2d2b-4759-b934-b31305346e83","item/requestv2/Products":"@variables('LineItem')"},"host":{"apiId":"/providers/Microsoft.PowerApps/apis/shared_commondataserviceforapps","connectionName":"shared_commondataserviceforapps","operationId":"aibuilderpredict_customprompt"},"authentication":"@parameters('$authentication')"}},"Set_LineItem":{"metadata":{"operationMetadataId":"cf33372a-a3dd-4dc1-882f-3ffbd0e22305"},"type":"SetVariable","inputs":{"name":"LineItem","value":"@items('For_each')?['fields/description/valueText']"}},"Append_to_Products":{"runAfter":{"Run_Product_Prompt":["Succeeded"]},"metadata":{"operationMetadataId":"166b417f-07ee-407f-8cac-b77164db20d7"},"type":"AppendToStringVariable","inputs":{"name":"Product","value":"@outputs('Run_Product_Prompt')?['body/responsev2/predictionOutput/structuredOutput/product']"}}},"runAfter":{"Initialize_LineItem":["Succeeded"]},"metadata":{"operationMetadataId":"a506e977-b426-416b-bd3f-5b54e0afc86e"},"type":"Foreach"},"Init_Product":{"runAfter":{"Initialize_Invoice__ID":["Succeeded"]},"metadata":{"operationMetadataId":"8ff54e02-0a40-4ed5-ab0e-ed827a192bab"},"type":"InitializeVariable","inputs":{"variables":[{"name":"Product","type":"string"}]}},"Init_Net_Amount":{"runAfter":{"Init_Product":["Succeeded"]},"metadata":{"operationMetadataId":"0f73952b-d697-4a88-a832-c965b9598f3f"},"type":"InitializeVariable","inputs":{"variables":[{"name":"NetAmount","type":"float"}]}},"Initialize_VatAmount":{"runAfter":{"Init_Net_Amount":["Succeeded"]},"metadata":{"operationMetadataId":"8b73eee3-fc46-4c06-95a9-644bc66a9f81"},"type":"InitializeVariable","inputs":{"variables":[{"name":"VATAmount","type":"float"}]}},"Initialize_Invoice__ID":{"runAfter":{"Init_Vendor":["Succeeded"]},"metadata":{"operationMetadataId":"660535d8-b6b3-4b8b-ad60-30eab5977bc2"},"type":"InitializeVariable","inputs":{"variables":[{"name":"InvoiceNumber","type":"string","value":"@outputs('Process_invoices')?['body/responsev2/predictionOutput/result/fields/invoiceId/valueText']"}]}},"Initialize_LineItem":{"runAfter":{"Initialize_VatAmount":["Succeeded"]},"metadata":{"operationMetadataId":"5f8ba065-615c-4ad9-895b-0a7e4feaaf46"},"type":"InitializeVariable","inputs":{"variables":[{"name":"LineItem","type":"string"}]}},"Create_item":{"runAfter":{"Set_NetAmount":["Succeeded"]},"metadata":{"operationMetadataId":"25460098-3cc1-4482-8e16-77ca32f9134c"},"type":"OpenApiConnection","inputs":{"parameters":{"dataset":"https://1nk13d.sharepoint.com/sites/ARUPPlayground","table":"32706e4b-c02a-4952-9a67-687ed5510d43","item/Title":"@variables('Product')","item/Vendor":"@variables('Vendor')","item/NetAmount":"@variables('NetAmount')","item/VATAmount":"@outputs('Process_invoices')?['body/responsev2/predictionOutput/result/fields/totalTax/valueNumber']","item/GrossAmount":"@outputs('Process_invoices')?['body/responsev2/predictionOutput/result/fields/invoiceTotal/valueNumber']","item/DueDate":"@outputs('Process_invoices')?['body/responsev2/predictionOutput/result/fields/dueDate/valueText']","item/PaymentStatus":"Pending","item/InvoiceNumber":"@variables('InvoiceNumber')"},"host":{"apiId":"/providers/Microsoft.PowerApps/apis/shared_sharepointonline","connectionName":"shared_sharepointonline","operationId":"PostItem"},"authentication":"@parameters('$authentication')"}},"Set_Product":{"runAfter":{"Run_InvoiceTitle_Prompt":["Succeeded"]},"metadata":{"operationMetadataId":"c9790298-547f-445f-87e1-9030971cb01b"},"type":"SetVariable","inputs":{"name":"Product","value":"@outputs('Run_InvoiceTitle_Prompt')?['body/responsev2/predictionOutput/structuredOutput/category']"}},"Run_InvoiceTitle_Prompt":{"runAfter":{"For_each":["Succeeded"]},"metadata":{"flowSystemMetadata":{"portalOperationId":"aibuilderpredict_customprompt","portalOperationGroup":"aibuilder","portalOperationApiDisplayNameOverride":"AI Builder","portalOperationIconOverride":"https://content.powerapps.com/resource/makerx/static/pauto/images/designeroperations/aiBuilderNew.51dbdb6b.png","portalOperationBrandColorOverride":"#0A76C4","portalOperationApiTierOverride":"Standard"},"operationMetadataId":"21f3f759-3d6f-4f55-8070-b7a44b9f6f73"},"type":"OpenApiConnection","inputs":{"parameters":{"recordId":"b2cbede1-ce57-4f19-98aa-a48538c6edf5","item/requestv2/Products":"@variables('Product')"},"host":{"apiId":"/providers/Microsoft.PowerApps/apis/shared_commondataserviceforapps","connectionName":"shared_commondataserviceforapps","operationId":"aibuilderpredict_customprompt"},"authentication":"@parameters('$authentication')"}},"Set_NetAmount":{"runAfter":{"Set_Product":["Succeeded"]},"metadata":{"operationMetadataId":"1a3359f5-d9d0-47eb-afa8-308d9bc6b5a0"},"type":"SetVariable","inputs":{"name":"NetAmount","value":"@outputs('Process_invoices')?['body/responsev2/predictionOutput/result/fields/subTotal/valueNumber']"}}},"outputs":{}},"connectionReferences":{"shared_sharepointonline":{"connectionName":"shared-sharepointonl-02dfc08e-08df-450a-a29e-c93439a981c5","source":"Embedded","id":"/providers/Microsoft.PowerApps/apis/shared_sharepointonline","tier":"NotSpecified","apiName":"sharepointonline","isProcessSimpleApiReferenceConversionAlreadyDone":false},"shared_commondataserviceforapps":{"connectionName":"shared-commondataser-901c763f-f64b-4886-b2b6-47051135aa33","source":"Embedded","id":"/providers/Microsoft.PowerApps/apis/shared_commondataserviceforapps","tier":"NotSpecified","apiName":"commondataserviceforapps","isProcessSimpleApiReferenceConversionAlreadyDone":false}},"flowFailureAlertSubscribed":false,"isManaged":false}}